"Gene","Mean","SD","Min","Max","Zero_Count"
"1",1.75,2.3629078131263,0,5,2
"2",0,0,0,0,4
"3",3.75,1.70782512765993,2,6,0
"4",2,0.816496580927726,1,3,0
