"Sample","Mean","SD","Total_Expression"
"sample1",1.25,1.5,5
"sample2",2.25,1.70782512765993,9
"sample3",3.25,2.75378527364305,13
"sample4",0.75,0.957427107756338,3
